Time,Initial Cost,Minimized Cost,Error Rate
483.97300,174973.0,34325.0,289.7911
489.80451,178678.0,33079.0,275.6416
483.42001,180642.0,34302.0,289.5299
487.46068,177401.0,33469.0,280.0704
486.99425,178491.0,33489.0,280.2975
AVG TIME,486.33049
MIN_COST,33079.0
AVG_COST,33732.8
MIN_ERR ,275.6416
AVG_ERR ,283.0661
NEIGHBORHOODS   ,6
MAX_NO_IMPROV   ,40
MAX_NO_IMPROV_LS,20
